<?xml version="1.0" encoding="UTF-8"?>

<class>

	<location>
		<zipcode>30097</zipcode>
		<temperature>77</temperature>
		<humidity>27</humidity>
		<windspeed>12.66</windspeed>
		<windangle>230</windangle>
	</location>

	<location>
		<zipcode>30324</zipcode>
		<temperature>80</temperature>
		<humidity>30</humidity>
		<windspeed>11.76</windspeed>
		<windangle>180</windangle>
	</location>
	
	<location>
		<zipcode>35623</zipcode>
		<temperature>70</temperature>
		<humidity>25</humidity>
		<windspeed>8.5</windspeed>
		<windangle>100</windangle>
	</location>

</class>